Name,Email,Phone,Country,Course,Gender,Status,Error
Dayyan,dayyan506@test.com,9876589059,Canada,AI & ML,Male,Success,
Saurabh,saurabh549@test.com,9876539128,Germany,Data Science,Female,Success,
Abhilash,abhilash828@test.com,9876564067,India,Web Development,Male,Success,
Pramod,pramod486@test.com,9876562389,Canada,Web Development,Male,Success,
Sumit,sumit591@test.com,9876570832,Canada,Cybersecurity,Male,Success,
Sumit,sumit947@test.com,9876557662,Canada,AI & ML,Male,Success,
Rajan,rajan566@test.com,9876523633,Germany,Cybersecurity,Female,Success,
Rahul,rahul753@test.com,9876585426,Germany,Data Science,Male,Success,
Rahul,rahul963@test.com,9876556829,USA,AI & ML,Male,Success,
Rahul,rahul100@test.com,9876548196,Germany,Data Science,Male,Success,